dt,first,second,hospitalized,confirmed
2020-04-22 17:00:00,,0 to 17,232.0,2839.0
2020-04-22 17:00:00,,18 to 44,5115.0,51217.0
2020-04-22 17:00:00,,45 to 64,12724.0,50694.0
2020-04-22 17:00:00,,65 to 74,8164.0,17474.0
2020-04-22 17:00:00,,75 and over,9683.0,15932.0
2020-04-22 17:00:00,,Unknown,2.0,279.0
2020-04-22 17:00:00,Sex,Female,14810.0,65670.0
2020-04-22 17:00:00,Sex,Male,21097.0,72444.0
2020-04-22 17:00:00,Sex,Unknown,13.0,321.0
2020-04-22 17:00:00,Borough,Bronx,8406.0,31130.0
2020-04-22 17:00:00,Borough,Brooklyn,9460.0,36699.0
2020-04-22 17:00:00,Borough,Manhattan,4951.0,17495.0
2020-04-22 17:00:00,Borough,Queens,11481.0,42637.0
2020-04-22 17:00:00,Borough,Staten Island,1607.0,10405.0
2020-04-22 17:00:00,Borough,Unknown,15.0,69.0
2020-04-17 17:00:00,,0 to 17,209.0,2395.0
2020-04-17 17:00:00,,18 to 44,4843.0,45648.0
2020-04-17 17:00:00,,45 to 64,11795.0,44460.0
2020-04-17 17:00:00,,65 to 74,7434.0,15490.0
2020-04-17 17:00:00,,75 and over,8560.0,13892.0
2020-04-17 17:00:00,,Unknown,2.0,263.0
2020-04-17 17:00:00,Sex,Female,13493.0,57327.0
2020-04-17 17:00:00,Sex,Male,19333.0,64566.0
2020-04-17 17:00:00,Sex,Unknown,17.0,255.0
2020-04-17 17:00:00,Borough,Bronx,7621.0,27014.0
2020-04-17 17:00:00,Borough,Brooklyn,8579.0,32499.0
2020-04-17 17:00:00,Borough,Manhattan,4540.0,15952.0
2020-04-17 17:00:00,Borough,Queens,10602.0,37447.0
2020-04-17 17:00:00,Borough,Staten Island,1486.0,9166.0
2020-04-17 17:00:00,Borough,Unknown,15.0,70.0
2020-04-03 17:00:00,,0 to 17,92.0,988.0
2020-04-03 17:00:00,,18 to 44,1962.0,22434.0
2020-04-03 17:00:00,,45 to 64,4368.0,19971.0
2020-04-03 17:00:00,,65 to 74,2572.0,7064.0
2020-04-03 17:00:00,,75 and over,2745.0,5709.0
2020-04-03 17:00:00,,Unknown,0.0,123.0
2020-04-03 17:00:00,Sex,Female,4765.0,25536.0
2020-04-03 17:00:00,Sex,Male,6970.0,30672.0
2020-04-03 17:00:00,Sex,Unknown,4.0,81.0
2020-04-03 17:00:00,Borough,Bronx,2924.0,10766.0
2020-04-03 17:00:00,Borough,Brooklyn,2826.0,15327.0
2020-04-03 17:00:00,Borough,Manhattan,1414.0,8221.0
2020-04-03 17:00:00,Borough,Queens,3889.0,18823.0
2020-04-03 17:00:00,Borough,Staten Island,677.0,3117.0
2020-04-03 17:00:00,Borough,Unknown,9.0,35.0
2020-05-07 17:00:00,,0 to 17,304.0,4246.0
2020-05-07 17:00:00,,18 to 44,6151.0,64244.0
2020-05-07 17:00:00,,45 to 64,15033.0,64143.0
2020-05-07 17:00:00,,65 to 74,9955.0,21770.0
2020-05-07 17:00:00,,75 and over,12297.0,19971.0
2020-05-07 17:00:00,,Unknown,4.0,335.0
2020-05-07 17:00:00,Sex,Female,18283.0,84656.0
2020-05-07 17:00:00,Sex,Male,25366.0,89879.0
2020-05-07 17:00:00,Sex,Unknown,95.0,174.0
2020-05-07 17:00:00,Borough,Bronx,10186.0,39878.0
2020-05-07 17:00:00,Borough,Brooklyn,11660.0,46579.0
2020-05-07 17:00:00,Borough,Manhattan,5919.0,21662.0
2020-05-07 17:00:00,Borough,Queens,14011.0,54121.0
2020-05-07 17:00:00,Borough,Staten Island,1948.0,12380.0
2020-05-07 17:00:00,Borough,Unknown,20.0,89.0
2020-03-27 17:00:00,,0 to 17,47.0,543.0
2020-03-27 17:00:00,,18 to 44,971.0,11617.0
2020-03-27 17:00:00,,45 to 64,1886.0,9158.0
2020-03-27 17:00:00,,65 to 74,1032.0,3034.0
2020-03-27 17:00:00,,75 and over,1103.0,2286.0
2020-03-27 17:00:00,,Unknown,0.0,59.0
2020-03-27 17:00:00,Sex,Female,2035.0,11792.0
2020-03-27 17:00:00,Sex,Male,3003.0,14863.0
2020-03-27 17:00:00,Sex,Unknown,1.0,42.0
2020-03-27 17:00:00,Borough,Bronx,1200.0,4880.0
2020-03-27 17:00:00,Borough,Brooklyn,989.0,7091.0
2020-03-27 17:00:00,Borough,Manhattan,709.0,4627.0
2020-03-27 17:00:00,Borough,Queens,1810.0,8529.0
2020-03-27 17:00:00,Borough,Staten Island,321.0,1534.0
2020-03-27 17:00:00,Borough,Unknown,10.0,36.0
2020-04-11 17:00:00,,0 to 17,190.0,1928.0
2020-04-11 17:00:00,,18 to 44,4274.0,37835.0
2020-04-11 17:00:00,,45 to 64,10118.0,35575.0
2020-04-11 17:00:00,,65 to 74,6093.0,12364.0
2020-04-11 17:00:00,,75 and over,6782.0,10790.0
2020-04-11 17:00:00,,Unknown,0.0,223.0
2020-04-11 17:00:00,Sex,Female,11133.0,45422.0
2020-04-11 17:00:00,Sex,Male,16122.0,52864.0
2020-04-11 17:00:00,Sex,Unknown,202.0,429.0
2020-04-11 17:00:00,Borough,Bronx,6244.0,21524.0
2020-04-11 17:00:00,Borough,Brooklyn,7066.0,26042.0
2020-04-11 17:00:00,Borough,Manhattan,3679.0,12711.0
2020-04-11 17:00:00,Borough,Queens,9193.0,31044.0
2020-04-11 17:00:00,Borough,Staten Island,1265.0,7358.0
2020-04-11 17:00:00,Borough,Unknown,10.0,36.0
2020-04-05 17:00:00,,0 to 17,101.0,1135.0
2020-04-05 17:00:00,,18 to 44,2214.0,25383.0
2020-04-05 17:00:00,,45 to 64,5295.0,23135.0
2020-04-05 17:00:00,,65 to 74,3172.0,8260.0
2020-04-05 17:00:00,,75 and over,3423.0,6905.0
2020-04-05 17:00:00,,Unknown,0.0,137.0
2020-04-05 17:00:00,Sex,Female,5714.0,29607.0
2020-04-05 17:00:00,Sex,Male,8487.0,35256.0
2020-04-05 17:00:00,Sex,Unknown,4.0,92.0
2020-04-05 17:00:00,Borough,Bronx,3588.0,12739.0
2020-04-05 17:00:00,Borough,Brooklyn,3404.0,17520.0
2020-04-05 17:00:00,Borough,Manhattan,1782.0,9250.0
2020-04-05 17:00:00,Borough,Queens,4638.0,21781.0
2020-04-05 17:00:00,Borough,Staten Island,784.0,3628.0
2020-04-05 17:00:00,Borough,Unknown,9.0,37.0
2020-04-24 17:00:00,,0 to 17,239.0,3116.0
2020-04-24 17:00:00,,18 to 44,5369.0,53941.0
2020-04-24 17:00:00,,45 to 64,13367.0,53696.0
2020-04-24 17:00:00,,65 to 74,8629.0,18372.0
2020-04-24 17:00:00,,75 and over,10388.0,16727.0
2020-04-24 17:00:00,,Unknown,3.0,287.0
2020-04-24 17:00:00,Sex,Female,15741.0,69725.0
2020-04-24 17:00:00,Sex,Male,22234.0,76069.0
2020-04-24 17:00:00,Sex,Unknown,20.0,345.0
2020-04-24 17:00:00,Borough,Bronx,8801.0,32862.0
2020-04-24 17:00:00,Borough,Brooklyn,9980.0,38727.0
2020-04-24 17:00:00,Borough,Manhattan,5187.0,18252.0
2020-04-24 17:00:00,Borough,Queens,12329.0,45313.0
2020-04-24 17:00:00,Borough,Staten Island,1682.0,10917.0
2020-04-24 17:00:00,Borough,Unknown,16.0,68.0
2020-04-30 17:00:00,,0 to 17,282.0,3711.0
2020-04-30 17:00:00,,18 to 44,5917.0,59684.0
2020-04-30 17:00:00,,45 to 64,14447.0,59715.0
2020-04-30 17:00:00,,65 to 74,9480.0,20273.0
2020-04-30 17:00:00,,75 and over,11520.0,18506.0
2020-04-30 17:00:00,,Unknown,2.0,323.0
2020-04-30 17:00:00,Sex,Female,17392.0,78154.0
2020-04-30 17:00:00,Sex,Male,24243.0,83916.0
2020-04-30 17:00:00,Sex,Unknown,13.0,142.0
2020-04-30 17:00:00,Borough,Bronx,9640.0,36969.0
2020-04-30 17:00:00,Borough,Brooklyn,11026.0,42996.0
2020-04-30 17:00:00,Borough,Manhattan,5599.0,20121.0
2020-04-30 17:00:00,Borough,Queens,13498.0,50304.0
2020-04-30 17:00:00,Borough,Staten Island,1867.0,11752.0
2020-04-30 17:00:00,Borough,Unknown,18.0,70.0
2020-04-08 17:00:00,,0 to 17,159.0,1523.0
2020-04-08 17:00:00,,18 to 44,3338.0,30877.0
2020-04-08 17:00:00,,45 to 64,7708.0,28700.0
2020-04-08 17:00:00,,65 to 74,4473.0,10219.0
2020-04-08 17:00:00,,75 and over,4796.0,8713.0
2020-04-08 17:00:00,,Unknown,0.0,172.0
2020-04-08 17:00:00,Sex,Female,8159.0,36580.0
2020-04-08 17:00:00,Sex,Male,12128.0,43241.0
2020-04-08 17:00:00,Sex,Unknown,187.0,383.0
2020-04-08 17:00:00,Borough,Bronx,5104.0,16420.0
2020-04-08 17:00:00,Borough,Brooklyn,5114.0,21580.0
2020-04-08 17:00:00,Borough,Manhattan,2809.0,10861.0
2020-04-08 17:00:00,Borough,Queens,6456.0,26204.0
2020-04-08 17:00:00,Borough,Staten Island,981.0,5102.0
2020-04-08 17:00:00,Borough,Unknown,10.0,37.0
2020-04-29 17:00:00,,0 to 17,281.0,3631.0
2020-04-29 17:00:00,,18 to 44,5872.0,58866.0
2020-04-29 17:00:00,,45 to 64,14366.0,58877.0
2020-04-29 17:00:00,,65 to 74,9404.0,19996.0
2020-04-29 17:00:00,,75 and over,11391.0,18180.0
2020-04-29 17:00:00,,Unknown,2.0,315.0
2020-04-29 17:00:00,Sex,Female,17239.0,76907.0
2020-04-29 17:00:00,Sex,Male,24060.0,82759.0
2020-04-29 17:00:00,Sex,Unknown,17.0,199.0
2020-04-29 17:00:00,Borough,Bronx,9535.0,36382.0
2020-04-29 17:00:00,Borough,Brooklyn,10916.0,42380.0
2020-04-29 17:00:00,Borough,Manhattan,5553.0,19837.0
2020-04-29 17:00:00,Borough,Queens,13435.0,49559.0
2020-04-29 17:00:00,Borough,Staten Island,1859.0,11635.0
2020-04-29 17:00:00,Borough,Unknown,18.0,72.0
2020-05-01 17:00:00,,0 to 17,285.0,3782.0
2020-05-01 17:00:00,,18 to 44,5991.0,60483.0
2020-05-01 17:00:00,,45 to 64,14638.0,60552.0
2020-05-01 17:00:00,,65 to 74,9646.0,20537.0
2020-05-01 17:00:00,,75 and over,11854.0,18821.0
2020-05-01 17:00:00,,Unknown,3.0,330.0
2020-05-01 17:00:00,Sex,Female,17745.0,79396.0
2020-05-01 17:00:00,Sex,Male,24655.0,84989.0
2020-05-01 17:00:00,Sex,Unknown,17.0,120.0
2020-05-01 17:00:00,Borough,Bronx,9824.0,37551.0
2020-05-01 17:00:00,Borough,Brooklyn,11297.0,43621.0
2020-05-01 17:00:00,Borough,Manhattan,5731.0,20363.0
2020-05-01 17:00:00,Borough,Queens,13659.0,51028.0
2020-05-01 17:00:00,Borough,Staten Island,1888.0,11861.0
2020-05-01 17:00:00,Borough,Unknown,18.0,81.0
2020-04-23 17:00:00,,0 to 17,234.0,2961.0
2020-04-23 17:00:00,,18 to 44,5179.0,52380.0
2020-04-23 17:00:00,,45 to 64,12960.0,51998.0
2020-04-23 17:00:00,,65 to 74,8337.0,17846.0
2020-04-23 17:00:00,,75 and over,10010.0,16282.0
2020-04-23 17:00:00,,Unknown,3.0,287.0
2020-04-23 17:00:00,Sex,Female,15151.0,67410.0
2020-04-23 17:00:00,Sex,Male,21557.0,74016.0
2020-04-23 17:00:00,Sex,Unknown,15.0,328.0
2020-04-23 17:00:00,Borough,Bronx,8669.0,31911.0
2020-04-23 17:00:00,Borough,Brooklyn,9677.0,37564.0
2020-04-23 17:00:00,Borough,Manhattan,5060.0,17803.0
2020-04-23 17:00:00,Borough,Queens,11677.0,43824.0
2020-04-23 17:00:00,Borough,Staten Island,1624.0,10582.0
2020-04-23 17:00:00,Borough,Unknown,16.0,70.0
2020-04-02 17:00:00,,0 to 17,88.0,881.0
2020-04-02 17:00:00,,18 to 44,1817.0,20313.0
2020-04-02 17:00:00,,45 to 64,3962.0,17497.0
2020-04-02 17:00:00,,65 to 74,2300.0,6095.0
2020-04-02 17:00:00,,75 and over,2423.0,4811.0
2020-04-02 17:00:00,,Unknown,0.0,110.0
2020-04-02 17:00:00,Sex,Female,4292.0,22485.0
2020-04-02 17:00:00,Sex,Male,6295.0,27155.0
2020-04-02 17:00:00,Sex,Unknown,3.0,67.0
2020-04-02 17:00:00,Borough,Bronx,2657.0,9344.0
2020-04-02 17:00:00,Borough,Brooklyn,2444.0,13290.0
2020-04-02 17:00:00,Borough,Manhattan,1337.0,7397.0
2020-04-02 17:00:00,Borough,Queens,3531.0,16819.0
2020-04-02 17:00:00,Borough,Staten Island,612.0,2822.0
2020-04-02 17:00:00,Borough,Unknown,9.0,35.0
2020-04-16 17:00:00,,0 to 17,205.0,2256.0
2020-04-16 17:00:00,,18 to 44,4636.0,44016.0
2020-04-16 17:00:00,,45 to 64,11198.0,42743.0
2020-04-16 17:00:00,,65 to 74,6957.0,14949.0
2020-04-16 17:00:00,,75 and over,7905.0,13366.0
2020-04-16 17:00:00,,Unknown,2.0,235.0
2020-04-16 17:00:00,Sex,Female,12676.0,55036.0
2020-04-16 17:00:00,Sex,Male,18211.0,62280.0
2020-04-16 17:00:00,Sex,Unknown,16.0,249.0
2020-04-16 17:00:00,Borough,Bronx,7306.0,25638.0
2020-04-16 17:00:00,Borough,Brooklyn,7968.0,31279.0
2020-04-16 17:00:00,Borough,Manhattan,4090.0,15539.0
2020-04-16 17:00:00,Borough,Queens,10124.0,36220.0
2020-04-16 17:00:00,Borough,Staten Island,1400.0,8822.0
2020-04-16 17:00:00,Borough,Unknown,14.0,66.0
2020-05-06 17:00:00,,0 to 17,303.0,4188.0
2020-05-06 17:00:00,,18 to 44,6145.0,63726.0
2020-05-06 17:00:00,,45 to 64,15007.0,63670.0
2020-05-06 17:00:00,,65 to 74,9936.0,21590.0
2020-05-06 17:00:00,,75 and over,12281.0,19779.0
2020-05-06 17:00:00,,Unknown,4.0,335.0
2020-05-06 17:00:00,Sex,Female,18237.0,83891.0
2020-05-06 17:00:00,Sex,Male,25319.0,89195.0
2020-05-06 17:00:00,Sex,Unknown,120.0,202.0
2020-05-06 17:00:00,Borough,Bronx,10147.0,39587.0
2020-05-06 17:00:00,Borough,Brooklyn,11641.0,46139.0
2020-05-06 17:00:00,Borough,Manhattan,5917.0,21470.0
2020-05-06 17:00:00,Borough,Queens,14003.0,53692.0
2020-05-06 17:00:00,Borough,Staten Island,1948.0,12311.0
2020-05-06 17:00:00,Borough,Unknown,20.0,89.0
2020-03-26 17:00:00,,0 to 17,46.0,495.0
2020-03-26 17:00:00,,18 to 44,950.0,10145.0
2020-03-26 17:00:00,,45 to 64,1749.0,7869.0
2020-03-26 17:00:00,,65 to 74,946.0,2627.0
2020-03-26 17:00:00,,75 and over,1029.0,1935.0
2020-03-26 17:00:00,,Unknown,0.0,41.0
2020-03-26 17:00:00,Sex,Female,1918.0,10124.0
2020-03-26 17:00:00,Sex,Male,2801.0,12948.0
2020-03-26 17:00:00,Sex,Unknown,1.0,40.0
2020-03-26 17:00:00,Borough,Bronx,1071.0,4243.0
2020-03-26 17:00:00,Borough,Brooklyn,968.0,6095.0
2020-03-26 17:00:00,Borough,Manhattan,729.0,4046.0
2020-03-26 17:00:00,Borough,Queens,1659.0,7362.0
2020-03-26 17:00:00,Borough,Staten Island,283.0,1330.0
2020-03-26 17:00:00,Borough,Unknown,10.0,36.0
2020-04-04 17:00:00,,0 to 17,96.0,1077.0
2020-04-04 17:00:00,,18 to 44,2070.0,23952.0
2020-04-04 17:00:00,,45 to 64,4729.0,21644.0
2020-04-04 17:00:00,,65 to 74,2803.0,7716.0
2020-04-04 17:00:00,,75 and over,3018.0,6337.0
2020-04-04 17:00:00,,Unknown,0.0,124.0
2020-04-04 17:00:00,Sex,Female,5116.0,27660.0
2020-04-04 17:00:00,Sex,Male,7596.0,33100.0
2020-04-04 17:00:00,Sex,Unknown,4.0,90.0
2020-04-04 17:00:00,Borough,Bronx,3219.0,11821.0
2020-04-04 17:00:00,Borough,Brooklyn,3089.0,16488.0
2020-04-04 17:00:00,Borough,Manhattan,1565.0,8780.0
2020-04-04 17:00:00,Borough,Queens,4119.0,20371.0
2020-04-04 17:00:00,Borough,Staten Island,715.0,3355.0
2020-04-04 17:00:00,Borough,Unknown,9.0,35.0
2020-04-10 17:00:00,,0 to 17,183.0,1867.0
2020-04-10 17:00:00,,18 to 44,4130.0,36475.0
2020-04-10 17:00:00,,45 to 64,9567.0,33914.0
2020-04-10 17:00:00,,65 to 74,5729.0,11736.0
2020-04-10 17:00:00,,75 and over,6311.0,10203.0
2020-04-10 17:00:00,,Unknown,0.0,214.0
2020-04-10 17:00:00,Sex,Female,10511.0,43185.0
2020-04-10 17:00:00,Sex,Male,15208.0,50807.0
2020-04-10 17:00:00,Sex,Unknown,201.0,417.0
2020-04-10 17:00:00,Borough,Bronx,5915.0,20544.0
2020-04-10 17:00:00,Borough,Brooklyn,6646.0,24846.0
2020-04-10 17:00:00,Borough,Manhattan,3510.0,12200.0
2020-04-10 17:00:00,Borough,Queens,8637.0,29754.0
2020-04-10 17:00:00,Borough,Staten Island,1200.0,7027.0
2020-04-10 17:00:00,Borough,Unknown,12.0,38.0
2020-04-25 17:00:00,,0 to 17,262.0,3276.0
2020-04-25 17:00:00,,18 to 44,5604.0,55541.0
2020-04-25 17:00:00,,45 to 64,13874.0,55390.0
2020-04-25 17:00:00,,65 to 74,9003.0,18891.0
2020-04-25 17:00:00,,75 and over,10825.0,17182.0
2020-04-25 17:00:00,,Unknown,3.0,296.0
2020-04-25 17:00:00,Sex,Female,16407.0,72050.0
2020-04-25 17:00:00,Sex,Male,23142.0,78193.0
2020-04-25 17:00:00,Sex,Unknown,22.0,333.0
2020-04-25 17:00:00,Borough,Bronx,9019.0,33950.0
2020-04-25 17:00:00,Borough,Brooklyn,10436.0,39912.0
2020-04-25 17:00:00,Borough,Manhattan,5391.0,18701.0
2020-04-25 17:00:00,Borough,Queens,12930.0,46786.0
2020-04-25 17:00:00,Borough,Staten Island,1777.0,11159.0
2020-04-25 17:00:00,Borough,Unknown,18.0,68.0
2020-04-09 17:00:00,,0 to 17,160.0,1726.0
2020-04-09 17:00:00,,18 to 44,3461.0,33906.0
2020-04-09 17:00:00,,45 to 64,8080.0,31472.0
2020-04-09 17:00:00,,65 to 74,4746.0,10990.0
2020-04-09 17:00:00,,75 and over,5124.0,9424.0
2020-04-09 17:00:00,,Unknown,0.0,207.0
2020-04-09 17:00:00,Sex,Female,8618.0,40135.0
2020-04-09 17:00:00,Sex,Male,12769.0,47193.0
2020-04-09 17:00:00,Sex,Unknown,184.0,397.0
2020-04-09 17:00:00,Borough,Bronx,5441.0,18737.0
2020-04-09 17:00:00,Borough,Brooklyn,5402.0,23408.0
2020-04-09 17:00:00,Borough,Manhattan,2900.0,11485.0
2020-04-09 17:00:00,Borough,Queens,6776.0,27759.0
2020-04-09 17:00:00,Borough,Staten Island,1042.0,6298.0
2020-04-09 17:00:00,Borough,Unknown,10.0,38.0
2020-04-28 17:00:00,,0 to 17,273.0,3555.0
2020-04-28 17:00:00,,18 to 44,5695.0,58042.0
2020-04-28 17:00:00,,45 to 64,14156.0,58143.0
2020-04-28 17:00:00,,65 to 74,9240.0,19749.0
2020-04-28 17:00:00,,75 and over,11212.0,17909.0
2020-04-28 17:00:00,,Unknown,2.0,315.0
2020-04-28 17:00:00,Sex,Female,16881.0,75752.0
2020-04-28 17:00:00,Sex,Male,23671.0,81671.0
2020-04-28 17:00:00,Sex,Unknown,26.0,290.0
2020-04-28 17:00:00,Borough,Bronx,9304.0,35860.0
2020-04-28 17:00:00,Borough,Brooklyn,10711.0,41744.0
2020-04-28 17:00:00,Borough,Manhattan,5542.0,19672.0
2020-04-28 17:00:00,Borough,Queens,13178.0,48847.0
2020-04-28 17:00:00,Borough,Staten Island,1825.0,11520.0
2020-04-28 17:00:00,Borough,Unknown,18.0,70.0
2020-04-15 17:00:00,,0 to 17,199.0,2150.0
2020-04-15 17:00:00,,18 to 44,4493.0,42127.0
2020-04-15 17:00:00,,45 to 64,10799.0,40559.0
2020-04-15 17:00:00,,65 to 74,6659.0,14025.0
2020-04-15 17:00:00,,75 and over,7589.0,12331.0
2020-04-15 17:00:00,,Unknown,2.0,232.0
2020-04-15 17:00:00,Sex,Female,12150.0,51934.0
2020-04-15 17:00:00,Sex,Male,17387.0,59051.0
2020-04-15 17:00:00,Sex,Unknown,204.0,439.0
2020-04-15 17:00:00,Borough,Bronx,6963.0,24587.0
2020-04-15 17:00:00,Borough,Brooklyn,7650.0,29250.0
2020-04-15 17:00:00,Borough,Manhattan,3952.0,14188.0
2020-04-15 17:00:00,Borough,Queens,9804.0,34831.0
2020-04-15 17:00:00,Borough,Staten Island,1358.0,8504.0
2020-04-15 17:00:00,Borough,Unknown,14.0,64.0
2020-04-01 17:00:00,,0 to 17,83.0,816.0
2020-04-01 17:00:00,,18 to 44,1711.0,18767.0
2020-04-01 17:00:00,,45 to 64,3658.0,16104.0
2020-04-01 17:00:00,,65 to 74,2114.0,5584.0
2020-04-01 17:00:00,,75 and over,2209.0,4328.0
2020-04-01 17:00:00,,Unknown,0.0,108.0
2020-04-01 17:00:00,Sex,Female,3980.0,20522.0
2020-04-01 17:00:00,Sex,Male,5792.0,25128.0
2020-04-01 17:00:00,Sex,Unknown,3.0,57.0
2020-04-01 17:00:00,Borough,Bronx,2414.0,8608.0
2020-04-01 17:00:00,Borough,Brooklyn,2229.0,12274.0
2020-04-01 17:00:00,Borough,Manhattan,1287.0,7021.0
2020-04-01 17:00:00,Borough,Queens,3287.0,15217.0
2020-04-01 17:00:00,Borough,Staten Island,549.0,2552.0
2020-04-01 17:00:00,Borough,Unknown,9.0,35.0
2020-04-20 17:00:00,,0 to 17,227.0,2652.0
2020-04-20 17:00:00,,18 to 44,4992.0,49066.0
2020-04-20 17:00:00,,45 to 64,12378.0,48444.0
2020-04-20 17:00:00,,65 to 74,7879.0,16776.0
2020-04-20 17:00:00,,75 and over,9251.0,15251.0
2020-04-20 17:00:00,,Unknown,2.0,278.0
2020-04-20 17:00:00,Sex,Female,14296.0,62605.0
2020-04-20 17:00:00,Sex,Male,20402.0,69561.0
2020-04-20 17:00:00,Sex,Unknown,31.0,301.0
2020-04-20 17:00:00,Borough,Bronx,8141.0,29505.0
2020-04-20 17:00:00,Borough,Brooklyn,9112.0,35203.0
2020-04-20 17:00:00,Borough,Manhattan,4799.0,16987.0
2020-04-20 17:00:00,Borough,Queens,11113.0,40714.0
2020-04-20 17:00:00,Borough,Staten Island,1549.0,9986.0
2020-04-20 17:00:00,Borough,Unknown,15.0,72.0
2020-03-28 17:00:00,,0 to 17,58.0,591.0
2020-03-28 17:00:00,,18 to 44,1224.0,13213.0
2020-03-28 17:00:00,,45 to 64,2350.0,10596.0
2020-03-28 17:00:00,,65 to 74,1267.0,3571.0
2020-03-28 17:00:00,,75 and over,1388.0,2724.0
2020-03-28 17:00:00,,Unknown,0.0,70.0
2020-03-28 17:00:00,Sex,Female,2545.0,13592.0
2020-03-28 17:00:00,Sex,Male,3741.0,17133.0
2020-03-28 17:00:00,Sex,Unknown,1.0,40.0
2020-03-28 17:00:00,Borough,Bronx,1433.0,5752.0
2020-03-28 17:00:00,Borough,Brooklyn,1372.0,8129.0
2020-03-28 17:00:00,Borough,Manhattan,916.0,5237.0
2020-03-28 17:00:00,Borough,Queens,2181.0,9831.0
2020-03-28 17:00:00,Borough,Staten Island,374.0,1781.0
2020-03-28 17:00:00,Borough,Unknown,11.0,35.0
2020-04-18 17:00:00,,0 to 17,213.0,2478.0
2020-04-18 17:00:00,,18 to 44,4864.0,46985.0
2020-04-18 17:00:00,,45 to 64,11870.0,46115.0
2020-04-18 17:00:00,,65 to 74,7485.0,16019.0
2020-04-18 17:00:00,,75 and over,8645.0,14501.0
2020-04-18 17:00:00,,Unknown,2.0,270.0
2020-04-18 17:00:00,Sex,Female,13594.0,59484.0
2020-04-18 17:00:00,Sex,Male,19460.0,66614.0
2020-04-18 17:00:00,Sex,Unknown,25.0,270.0
2020-04-18 17:00:00,Borough,Bronx,7783.0,28016.0
2020-04-18 17:00:00,Borough,Brooklyn,8618.0,33729.0
2020-04-18 17:00:00,Borough,Manhattan,4551.0,16404.0
2020-04-18 17:00:00,Borough,Queens,10625.0,38733.0
2020-04-18 17:00:00,Borough,Staten Island,1487.0,9414.0
2020-04-18 17:00:00,Borough,Unknown,15.0,72.0
2020-03-31 17:00:00,,0 to 17,74.0,757.0
2020-03-31 17:00:00,,18 to 44,1532.0,17347.0
2020-03-31 17:00:00,,45 to 64,3195.0,14689.0
2020-03-31 17:00:00,,65 to 74,1826.0,5015.0
2020-03-31 17:00:00,,75 and over,1922.0,3866.0
2020-03-31 17:00:00,,Unknown,0.0,97.0
2020-03-31 17:00:00,Sex,Female,3455.0,18677.0
2020-03-31 17:00:00,Sex,Male,5093.0,23043.0
2020-03-31 17:00:00,Sex,Unknown,1.0,51.0
2020-03-31 17:00:00,Borough,Bronx,2056.0,7815.0
2020-03-31 17:00:00,Borough,Brooklyn,1901.0,11160.0
2020-03-31 17:00:00,Borough,Manhattan,1130.0,6538.0
2020-03-31 17:00:00,Borough,Queens,2954.0,13869.0
2020-03-31 17:00:00,Borough,Staten Island,499.0,2354.0
2020-03-31 17:00:00,Borough,Unknown,9.0,35.0
2020-05-05 17:00:00,,0 to 17,296.0,4137.0
2020-05-05 17:00:00,,18 to 44,6104.0,63149.0
2020-05-05 17:00:00,,45 to 64,14917.0,63122.0
2020-05-05 17:00:00,,65 to 74,9871.0,21383.0
2020-05-05 17:00:00,,75 and over,12191.0,19598.0
2020-05-05 17:00:00,,Unknown,4.0,334.0
2020-05-05 17:00:00,Sex,Female,18121.0,83054.0
2020-05-05 17:00:00,Sex,Male,25123.0,88443.0
2020-05-05 17:00:00,Sex,Unknown,139.0,226.0
2020-05-05 17:00:00,Borough,Bronx,10084.0,39239.0
2020-05-05 17:00:00,Borough,Brooklyn,11565.0,45637.0
2020-05-05 17:00:00,Borough,Manhattan,5869.0,21287.0
2020-05-05 17:00:00,Borough,Queens,13915.0,53243.0
2020-05-05 17:00:00,Borough,Staten Island,1931.0,12235.0
2020-05-05 17:00:00,Borough,Unknown,19.0,82.0
2020-03-25 17:00:00,,0 to 17,35.0,446.0
2020-03-25 17:00:00,,18 to 44,837.0,8880.0
2020-03-25 17:00:00,,45 to 64,1470.0,6786.0
2020-03-25 17:00:00,,65 to 74,736.0,2226.0
2020-03-25 17:00:00,,75 and over,844.0,1633.0
2020-03-25 17:00:00,,Unknown,0.0,40.0
2020-03-25 17:00:00,Sex,Female,1628.0,8655.0
2020-03-25 17:00:00,Sex,Male,2293.0,11325.0
2020-03-25 17:00:00,Sex,Unknown,1.0,31.0
2020-03-25 17:00:00,Borough,Bronx,802.0,3542.0
2020-03-25 17:00:00,Borough,Brooklyn,919.0,5232.0
2020-03-25 17:00:00,Borough,Manhattan,584.0,3616.0
2020-03-25 17:00:00,Borough,Queens,1363.0,6420.0
2020-03-25 17:00:00,Borough,Staten Island,251.0,1166.0
2020-03-25 17:00:00,Borough,Unknown,3.0,35.0
2020-04-26 17:00:00,,0 to 17,262.0,3361.0
2020-04-26 17:00:00,,18 to 44,5612.0,56474.0
2020-04-26 17:00:00,,45 to 64,13889.0,56428.0
2020-04-26 17:00:00,,65 to 74,9022.0,19198.0
2020-04-26 17:00:00,,75 and over,10848.0,17443.0
2020-04-26 17:00:00,,Unknown,2.0,300.0
2020-04-26 17:00:00,Sex,Female,16439.0,73480.0
2020-04-26 17:00:00,Sex,Male,23181.0,79448.0
2020-04-26 17:00:00,Sex,Unknown,15.0,276.0
2020-04-26 17:00:00,Borough,Bronx,9085.0,34711.0
2020-04-26 17:00:00,Borough,Brooklyn,10434.0,40593.0
2020-04-26 17:00:00,Borough,Manhattan,5389.0,19046.0
2020-04-26 17:00:00,Borough,Queens,12932.0,47511.0
2020-04-26 17:00:00,Borough,Staten Island,1777.0,11275.0
2020-04-26 17:00:00,Borough,Unknown,18.0,68.0
2020-04-13 17:00:00,,0 to 17,198.0,2070.0
2020-04-13 17:00:00,,18 to 44,4460.0,40454.0
2020-04-13 17:00:00,,45 to 64,10691.0,38797.0
2020-04-13 17:00:00,,65 to 74,6558.0,13483.0
2020-04-13 17:00:00,,75 and over,7427.0,11782.0
2020-04-13 17:00:00,,Unknown,1.0,227.0
2020-04-13 17:00:00,Sex,Female,11967.0,49617.0
2020-04-13 17:00:00,Sex,Male,17165.0,56765.0
2020-04-13 17:00:00,Sex,Unknown,203.0,431.0
2020-04-13 17:00:00,Borough,Bronx,6774.0,23352.0
2020-04-13 17:00:00,Borough,Brooklyn,7537.0,28035.0
2020-04-13 17:00:00,Borough,Manhattan,3934.0,13705.0
2020-04-13 17:00:00,Borough,Queens,9729.0,33468.0
2020-04-13 17:00:00,Borough,Staten Island,1348.0,8198.0
2020-04-13 17:00:00,Borough,Unknown,13.0,55.0
2020-04-07 17:00:00,,0 to 17,150.0,1374.0
2020-04-07 17:00:00,,18 to 44,3206.0,28830.0
2020-04-07 17:00:00,,45 to 64,7247.0,26755.0
2020-04-07 17:00:00,,65 to 74,4171.0,9472.0
2020-04-07 17:00:00,,75 and over,4403.0,8007.0
2020-04-07 17:00:00,,Unknown,0.0,163.0
2020-04-07 17:00:00,Sex,Female,7709.0,34118.0
2020-04-07 17:00:00,Sex,Male,11462.0,40323.0
2020-04-07 17:00:00,Sex,Unknown,6.0,160.0
2020-04-07 17:00:00,Borough,Bronx,4766.0,14942.0
2020-04-07 17:00:00,Borough,Brooklyn,4754.0,20235.0
2020-04-07 17:00:00,Borough,Manhattan,2649.0,10253.0
2020-04-07 17:00:00,Borough,Queens,6078.0,24809.0
2020-04-07 17:00:00,Borough,Staten Island,920.0,4325.0
2020-04-07 17:00:00,Borough,Unknown,10.0,37.0
2020-05-03 17:00:00,,0 to 17,287.0,4023.0
2020-05-03 17:00:00,,18 to 44,6054.0,62109.0
2020-05-03 17:00:00,,45 to 64,14787.0,62137.0
2020-05-03 17:00:00,,65 to 74,9759.0,21024.0
2020-05-03 17:00:00,,75 and over,12018.0,19221.0
2020-05-03 17:00:00,,Unknown,4.0,331.0
2020-05-03 17:00:00,Sex,Female,17876.0,81570.0
2020-05-03 17:00:00,Sex,Male,24813.0,86965.0
2020-05-03 17:00:00,Sex,Unknown,220.0,310.0
2020-05-03 17:00:00,Borough,Bronx,9941.0,38599.0
2020-05-03 17:00:00,Borough,Brooklyn,11437.0,44867.0
2020-05-03 17:00:00,Borough,Manhattan,5825.0,20892.0
2020-05-03 17:00:00,Borough,Queens,13782.0,52305.0
2020-05-03 17:00:00,Borough,Staten Island,1905.0,12101.0
2020-05-03 17:00:00,Borough,Unknown,19.0,81.0
2020-04-14 17:00:00,,0 to 17,198.0,2078.0
2020-04-14 17:00:00,,18 to 44,4472.0,40612.0
2020-04-14 17:00:00,,45 to 64,10729.0,38967.0
2020-04-14 17:00:00,,65 to 74,6602.0,13542.0
2020-04-14 17:00:00,,75 and over,7508.0,11840.0
2020-04-14 17:00:00,,Unknown,2.0,224.0
2020-04-14 17:00:00,Sex,Female,12044.0,49808.0
2020-04-14 17:00:00,Sex,Male,17263.0,57022.0
2020-04-14 17:00:00,Sex,Unknown,204.0,433.0
2020-04-14 17:00:00,Borough,Bronx,6796.0,23426.0
2020-04-14 17:00:00,Borough,Brooklyn,7609.0,28183.0
2020-04-14 17:00:00,Borough,Manhattan,3946.0,13740.0
2020-04-14 17:00:00,Borough,Queens,9789.0,33616.0
2020-04-14 17:00:00,Borough,Staten Island,1358.0,8236.0
2020-04-14 17:00:00,Borough,Unknown,13.0,62.0
2020-03-29 17:00:00,,0 to 17,67.0,619.0
2020-03-29 17:00:00,,18 to 44,1459.0,14233.0
2020-03-29 17:00:00,,45 to 64,2765.0,11577.0
2020-03-29 17:00:00,,65 to 74,1499.0,3954.0
2020-03-29 17:00:00,,75 and over,1620.0,3020.0
2020-03-29 17:00:00,,Unknown,0.0,71.0
2020-03-29 17:00:00,Sex,Female,3001.0,14837.0
2020-03-29 17:00:00,Sex,Male,4408.0,18593.0
2020-03-29 17:00:00,Sex,Unknown,1.0,44.0
2020-03-29 17:00:00,Borough,Bronx,1729.0,6250.0
2020-03-29 17:00:00,Borough,Brooklyn,1617.0,8887.0
2020-03-29 17:00:00,Borough,Manhattan,1074.0,5582.0
2020-03-29 17:00:00,Borough,Queens,2536.0,10737.0
2020-03-29 17:00:00,Borough,Staten Island,444.0,1984.0
2020-03-29 17:00:00,Borough,Unknown,10.0,34.0
2020-04-21 17:00:00,,0 to 17,232.0,2707.0
2020-04-21 17:00:00,,18 to 44,5105.0,49887.0
2020-04-21 17:00:00,,45 to 64,12675.0,49383.0
2020-04-21 17:00:00,,65 to 74,8127.0,17072.0
2020-04-21 17:00:00,,75 and over,9605.0,15547.0
2020-04-21 17:00:00,,Unknown,2.0,278.0
2020-04-21 17:00:00,Sex,Female,14725.0,63817.0
2020-04-21 17:00:00,Sex,Male,20990.0,70748.0
2020-04-21 17:00:00,Sex,Unknown,31.0,309.0
2020-04-21 17:00:00,Borough,Bronx,8346.0,30142.0
2020-04-21 17:00:00,Borough,Brooklyn,9426.0,35775.0
2020-04-21 17:00:00,Borough,Manhattan,4930.0,17200.0
2020-04-21 17:00:00,Borough,Queens,11431.0,41520.0
2020-04-21 17:00:00,Borough,Staten Island,1598.0,10166.0
2020-04-21 17:00:00,Borough,Unknown,15.0,71.0
2020-04-19 17:00:00,,0 to 17,223.0,2588.0
2020-04-19 17:00:00,,18 to 44,4980.0,48156.0
2020-04-19 17:00:00,,45 to 64,12343.0,47407.0
2020-04-19 17:00:00,,65 to 74,7853.0,16439.0
2020-04-19 17:00:00,,75 and over,9201.0,14922.0
2020-04-19 17:00:00,,Unknown,2.0,276.0
2020-04-19 17:00:00,Sex,Female,14242.0,61274.0
2020-04-19 17:00:00,Sex,Male,20331.0,68219.0
2020-04-19 17:00:00,Sex,Unknown,29.0,295.0
2020-04-19 17:00:00,Borough,Bronx,8074.0,28875.0
2020-04-19 17:00:00,Borough,Brooklyn,9088.0,34476.0
2020-04-19 17:00:00,Borough,Manhattan,4779.0,16754.0
2020-04-19 17:00:00,Borough,Queens,11099.0,39856.0
2020-04-19 17:00:00,Borough,Staten Island,1547.0,9755.0
2020-04-19 17:00:00,Borough,Unknown,15.0,72.0
2020-05-04 17:00:00,,0 to 17,291.0,4088.0
2020-05-04 17:00:00,,18 to 44,6070.0,62718.0
2020-05-04 17:00:00,,45 to 64,14818.0,62700.0
2020-05-04 17:00:00,,65 to 74,9799.0,21245.0
2020-05-04 17:00:00,,75 and over,12063.0,19451.0
2020-05-04 17:00:00,,Unknown,4.0,332.0
2020-05-04 17:00:00,Sex,Female,17947.0,82463.0
2020-05-04 17:00:00,Sex,Male,24944.0,87829.0
2020-05-04 17:00:00,Sex,Unknown,154.0,242.0
2020-05-04 17:00:00,Borough,Bronx,10007.0,38973.0
2020-05-04 17:00:00,Borough,Brooklyn,11469.0,45341.0
2020-05-04 17:00:00,Borough,Manhattan,5836.0,21125.0
2020-05-04 17:00:00,Borough,Queens,13805.0,52845.0
2020-05-04 17:00:00,Borough,Staten Island,1909.0,12169.0
2020-05-04 17:00:00,Borough,Unknown,19.0,81.0
2020-03-24 17:00:00,,0 to 17,28.0,384.0
2020-03-24 17:00:00,,18 to 44,629.0,7094.0
2020-03-24 17:00:00,,45 to 64,1061.0,5194.0
2020-03-24 17:00:00,,65 to 74,550.0,1689.0
2020-03-24 17:00:00,,75 and over,615.0,1227.0
2020-03-24 17:00:00,,Unknown,0.0,9.0
2020-03-24 17:00:00,Sex,Female,1191.0,6736.0
2020-03-24 17:00:00,Sex,Male,1691.0,8838.0
2020-03-24 17:00:00,Sex,Unknown,1.0,23.0
2020-03-24 17:00:00,Borough,Bronx,600.0,2505.0
2020-03-24 17:00:00,Borough,Brooklyn,637.0,4407.0
2020-03-24 17:00:00,Borough,Manhattan,417.0,3013.0
2020-03-24 17:00:00,Borough,Queens,1037.0,4667.0
2020-03-24 17:00:00,Borough,Staten Island,189.0,999.0
2020-03-24 17:00:00,Borough,Unknown,3.0,6.0
2020-03-30 17:00:00,,0 to 17,72.0,714.0
2020-03-30 17:00:00,,18 to 44,1448.0,16028.0
2020-03-30 17:00:00,,45 to 64,2887.0,13344.0
2020-03-30 17:00:00,,65 to 74,1612.0,4496.0
2020-03-30 17:00:00,,75 and over,1722.0,3410.0
2020-03-30 17:00:00,,Unknown,0.0,95.0
2020-03-30 17:00:00,Sex,Female,3130.0,16920.0
2020-03-30 17:00:00,Sex,Male,4610.0,21120.0
2020-03-30 17:00:00,Sex,Unknown,1.0,47.0
2020-03-30 17:00:00,Borough,Bronx,1880.0,6925.0
2020-03-30 17:00:00,Borough,Brooklyn,1661.0,10171.0
2020-03-30 17:00:00,Borough,Manhattan,1075.0,6060.0
2020-03-30 17:00:00,Borough,Queens,2650.0,12756.0
2020-03-30 17:00:00,Borough,Staten Island,465.0,2140.0
2020-03-30 17:00:00,Borough,Unknown,10.0,35.0
2020-04-27 17:00:00,,0 to 17,270.0,3488.0
2020-04-27 17:00:00,,18 to 44,5647.0,57462.0
2020-04-27 17:00:00,,45 to 64,14016.0,57556.0
2020-04-27 17:00:00,,65 to 74,9122.0,19545.0
2020-04-27 17:00:00,,75 and over,10993.0,17735.0
2020-04-27 17:00:00,,Unknown,2.0,314.0
2020-04-27 17:00:00,Sex,Female,16630.0,74952.0
2020-04-27 17:00:00,Sex,Male,23395.0,80854.0
2020-04-27 17:00:00,Sex,Unknown,25.0,294.0
2020-04-27 17:00:00,Borough,Bronx,9200.0,35398.0
2020-04-27 17:00:00,Borough,Brooklyn,10557.0,41327.0
2020-04-27 17:00:00,Borough,Manhattan,5449.0,19499.0
2020-04-27 17:00:00,Borough,Queens,13034.0,48382.0
2020-04-27 17:00:00,Borough,Staten Island,1792.0,11424.0
2020-04-27 17:00:00,Borough,Unknown,18.0,70.0
2020-04-06 17:00:00,,0 to 17,109.0,1204.0
2020-04-06 17:00:00,,18 to 44,2324.0,26716.0
2020-04-06 17:00:00,,45 to 64,5714.0,24627.0
2020-04-06 17:00:00,,65 to 74,3435.0,8749.0
2020-04-06 17:00:00,,75 and over,3751.0,7345.0
2020-04-06 17:00:00,,Unknown,0.0,135.0
2020-04-06 17:00:00,Sex,Female,6166.0,31319.0
2020-04-06 17:00:00,Sex,Male,9163.0,37361.0
2020-04-06 17:00:00,Sex,Unknown,4.0,96.0
2020-04-06 17:00:00,Borough,Bronx,3845.0,13681.0
2020-04-06 17:00:00,Borough,Brooklyn,3697.0,18434.0
2020-04-06 17:00:00,Borough,Manhattan,1919.0,9690.0
2020-04-06 17:00:00,Borough,Queens,4999.0,23083.0
2020-04-06 17:00:00,Borough,Staten Island,864.0,3851.0
2020-04-06 17:00:00,Borough,Unknown,9.0,37.0
2020-04-12 17:00:00,,0 to 17,190.0,2025.0
2020-04-12 17:00:00,,18 to 44,4304.0,39704.0
2020-04-12 17:00:00,,45 to 64,10182.0,37851.0
2020-04-12 17:00:00,,65 to 74,6147.0,13128.0
2020-04-12 17:00:00,,75 and over,6853.0,11471.0
2020-04-12 17:00:00,,Unknown,0.0,231.0
2020-04-12 17:00:00,Sex,Female,11243.0,48311.0
2020-04-12 17:00:00,Sex,Male,16235.0,55670.0
2020-04-12 17:00:00,Sex,Unknown,198.0,429.0
2020-04-12 17:00:00,Borough,Bronx,6428.0,22710.0
2020-04-12 17:00:00,Borough,Brooklyn,7081.0,27462.0
2020-04-12 17:00:00,Borough,Manhattan,3686.0,13430.0
2020-04-12 17:00:00,Borough,Queens,9204.0,32749.0
2020-04-12 17:00:00,Borough,Staten Island,1265.0,8004.0
2020-04-12 17:00:00,Borough,Unknown,12.0,55.0
2020-05-02 17:00:00,,0 to 17,286.0,3897.0
2020-05-02 17:00:00,,18 to 44,6032.0,61376.0
2020-05-02 17:00:00,,45 to 64,14729.0,61424.0
2020-05-02 17:00:00,,65 to 74,9709.0,20813.0
2020-05-02 17:00:00,,75 and over,11956.0,19045.0
2020-05-02 17:00:00,,Unknown,3.0,328.0
2020-05-02 17:00:00,Sex,Female,17732.0,80532.0
2020-05-02 17:00:00,Sex,Male,24571.0,85843.0
2020-05-02 17:00:00,Sex,Unknown,412.0,508.0
2020-05-02 17:00:00,Borough,Bronx,9873.0,38099.0
2020-05-02 17:00:00,Borough,Brooklyn,11400.0,44303.0
2020-05-02 17:00:00,Borough,Manhattan,5787.0,20693.0
2020-05-02 17:00:00,Borough,Queens,13738.0,51709.0
2020-05-02 17:00:00,Borough,Staten Island,1898.0,11999.0
2020-05-02 17:00:00,Borough,Unknown,19.0,80.0
